{
  "model": "LinUCB",
  "scenario": "drift",
  "seed": 2,
  "p99_latency": 171.57515833891316,
  "success_rate": 0.5444444444444444,
  "stability_score": 0.4777777777777778,
  "adaptation_time": null,
  "predictive_mae": null,
  "tracking_lag_seconds": 56.0,
  "pattern_recognition": null,
  "proactive_adjustment": null,
  "confidence_interval": [
    0.441554177203227,
    0.6473347116856618
  ]
}