{
  "model": "LinUCB",
  "scenario": "periodic",
  "seed": 1,
  "p99_latency": 151.89970309332872,
  "success_rate": 0.7670682730923695,
  "stability_score": 0.3393574297188755,
  "adaptation_time": null,
  "predictive_mae": null,
  "tracking_lag_seconds": 249.0,
  "pattern_recognition": -0.869769163700054,
  "proactive_adjustment": 0.0037946678603078864,
  "confidence_interval": [
    0.7299434192154249,
    0.804193126969314
  ]
}