{
  "model": "LinUCB",
  "scenario": "drift",
  "seed": 1,
  "p99_latency": 171.57515833891316,
  "success_rate": 0.6111111111111112,
  "stability_score": 0.4222222222222222,
  "adaptation_time": null,
  "predictive_mae": null,
  "tracking_lag_seconds": 56.0,
  "pattern_recognition": null,
  "proactive_adjustment": null,
  "confidence_interval": [
    0.5103948271119431,
    0.7118273951102793
  ]
}