{
  "model": "LSTM",
  "scenario": "drift",
  "seed": 1,
  "p99_latency": 171.57515833891316,
  "success_rate": 0.7111111111111111,
  "stability_score": 0.6111111111111112,
  "adaptation_time": null,
  "predictive_mae": 816.1683850961616,
  "tracking_lag_seconds": null,
  "pattern_recognition": null,
  "proactive_adjustment": null,
  "confidence_interval": [
    0.617471201062257,
    0.8047510211599653
  ]
}