{
  "model": "LSTM",
  "scenario": "burst",
  "seed": 1,
  "p99_latency": 150.83025068758462,
  "success_rate": 0.6398104265402843,
  "stability_score": 0.41232227488151657,
  "adaptation_time": 0.0,
  "predictive_mae": 341.3026367940517,
  "tracking_lag_seconds": null,
  "pattern_recognition": null,
  "proactive_adjustment": null,
  "confidence_interval": [
    0.5750368185710923,
    0.7045840345094763
  ]
}