{
  "model": "LSTM",
  "scenario": "burst",
  "seed": 0,
  "p99_latency": 150.83025068758462,
  "success_rate": 0.6303317535545023,
  "stability_score": 0.3744075829383886,
  "adaptation_time": 0.0,
  "predictive_mae": 341.3026367940517,
  "tracking_lag_seconds": null,
  "pattern_recognition": null,
  "proactive_adjustment": null,
  "confidence_interval": [
    0.5651992862853935,
    0.6954642208236111
  ]
}