{
  "model": "LSTM",
  "scenario": "periodic",
  "seed": 0,
  "p99_latency": 151.89970309332872,
  "success_rate": 0.5843373493975904,
  "stability_score": 0.29518072289156627,
  "adaptation_time": null,
  "predictive_mae": 330.60427147233224,
  "tracking_lag_seconds": null,
  "pattern_recognition": -0.869769163700054,
  "proactive_adjustment": 0.0037946678603078864,
  "confidence_interval": [
    0.5410525166143738,
    0.627622182180807
  ]
}