{
  "model": "LSTM",
  "scenario": "periodic",
  "seed": 1,
  "p99_latency": 151.89970309332872,
  "success_rate": 0.606425702811245,
  "stability_score": 0.3353413654618474,
  "adaptation_time": null,
  "predictive_mae": 330.60427147233224,
  "tracking_lag_seconds": null,
  "pattern_recognition": -0.869769163700054,
  "proactive_adjustment": 0.0037946678603078864,
  "confidence_interval": [
    0.5635179683744027,
    0.6493334372480872
  ]
}