{
  "model": "LSTM",
  "scenario": "drift",
  "seed": 2,
  "p99_latency": 171.57515833891316,
  "success_rate": 0.6888888888888889,
  "stability_score": 0.6333333333333333,
  "adaptation_time": null,
  "predictive_mae": 816.1683850961616,
  "tracking_lag_seconds": null,
  "pattern_recognition": null,
  "proactive_adjustment": null,
  "confidence_interval": [
    0.5932445681255891,
    0.7845332096521886
  ]
}