{
  "model": "Static",
  "scenario": "periodic",
  "seed": 0,
  "p99_latency": 151.89970309332872,
  "success_rate": 0.8634538152610441,
  "stability_score": 0.39558232931726905,
  "adaptation_time": null,
  "predictive_mae": null,
  "tracking_lag_seconds": null,
  "pattern_recognition": -0.869769163700054,
  "proactive_adjustment": 0.0037946678603078864,
  "confidence_interval": [
    0.8332964941017705,
    0.8936111364203178
  ]
}