{
  "model": "Static",
  "scenario": "burst",
  "seed": 0,
  "p99_latency": 150.83025068758462,
  "success_rate": 0.8767772511848341,
  "stability_score": 0.4218009478672986,
  "adaptation_time": 0.0,
  "predictive_mae": null,
  "tracking_lag_seconds": null,
  "pattern_recognition": null,
  "proactive_adjustment": null,
  "confidence_interval": [
    0.8324269119325896,
    0.9211275904370786
  ]
}