{
  "model": "LinUCB",
  "scenario": "normal",
  "seed": 8,
  "p99_latency": 185.95760813494493,
  "success_rate": 0.6222222222222222,
  "stability_score": 0.0005555555555555556,
  "adaptation_time": null,
  "predictive_mae": null,
  "tracking_lag_seconds": 1800.0,
  "pattern_recognition": null,
  "proactive_adjustment": null,
  "confidence_interval": [
    0.5998245543134766,
    0.6446198901309679
  ]
}