{
  "model": "LinUCB",
  "scenario": "periodic",
  "seed": 3,
  "p99_latency": 235.75787816871255,
  "success_rate": 0.4855555555555556,
  "stability_score": 0.0011111111111111111,
  "adaptation_time": null,
  "predictive_mae": null,
  "tracking_lag_seconds": 1800.0,
  "pattern_recognition": -0.9886676831723328,
  "proactive_adjustment": 0.0062795956991758385,
  "confidence_interval": [
    0.4624667990852984,
    0.5086443120258127
  ]
}