{
  "model": "LinUCB",
  "scenario": "normal",
  "seed": 2,
  "p99_latency": 185.95760813494493,
  "success_rate": 0.6022222222222222,
  "stability_score": 0.0011111111111111111,
  "adaptation_time": null,
  "predictive_mae": null,
  "tracking_lag_seconds": 1800.0,
  "pattern_recognition": null,
  "proactive_adjustment": null,
  "confidence_interval": [
    0.5796117055962489,
    0.6248327388481956
  ]
}