{
  "model": "LinUCB",
  "scenario": "periodic",
  "seed": 7,
  "p99_latency": 235.75787816871255,
  "success_rate": 0.4772222222222222,
  "stability_score": 0.0005555555555555556,
  "adaptation_time": null,
  "predictive_mae": null,
  "tracking_lag_seconds": 1800.0,
  "pattern_recognition": -0.9886676831723328,
  "proactive_adjustment": 0.0062795956991758385,
  "confidence_interval": [
    0.4541478057495061,
    0.5002966386949383
  ]
}