{
  "model": "LinUCB",
  "scenario": "periodic",
  "seed": 2,
  "p99_latency": 235.75787816871255,
  "success_rate": 0.48444444444444446,
  "stability_score": 0.0011111111111111111,
  "adaptation_time": null,
  "predictive_mae": null,
  "tracking_lag_seconds": 1800.0,
  "pattern_recognition": -0.9886676831723328,
  "proactive_adjustment": 0.0062795956991758385,
  "confidence_interval": [
    0.46135722856169814,
    0.5075316603271908
  ]
}