{
  "model": "LinUCB",
  "scenario": "periodic",
  "seed": 4,
  "p99_latency": 235.75787816871255,
  "success_rate": 0.4677777777777778,
  "stability_score": 0.0,
  "adaptation_time": null,
  "predictive_mae": null,
  "tracking_lag_seconds": 1800.0,
  "pattern_recognition": -0.9886676831723328,
  "proactive_adjustment": 0.0062795956991758385,
  "confidence_interval": [
    0.4447273954290754,
    0.4908281601264802
  ]
}