{
  "model": "LinUCB",
  "scenario": "spike",
  "seed": 2,
  "p99_latency": 243.89741579427996,
  "success_rate": 0.6162162162162163,
  "stability_score": 0.3621621621621622,
  "adaptation_time": 89.0,
  "predictive_mae": null,
  "tracking_lag_seconds": 90.0,
  "pattern_recognition": null,
  "proactive_adjustment": null,
  "confidence_interval": [
    0.5461397653073861,
    0.6862926671250464
  ]
}