{
  "model": "LSTM",
  "scenario": "spike",
  "seed": 5,
  "p99_latency": 243.89741579427996,
  "success_rate": 0.6918918918918919,
  "stability_score": 0.3675675675675676,
  "adaptation_time": 89.0,
  "predictive_mae": 1524.0539860658675,
  "tracking_lag_seconds": null,
  "pattern_recognition": null,
  "proactive_adjustment": null,
  "confidence_interval": [
    0.6253595346039545,
    0.7584242491798293
  ]
}