{
  "model": "LSTM",
  "scenario": "spike",
  "seed": 2,
  "p99_latency": 243.89741579427996,
  "success_rate": 0.6864864864864865,
  "stability_score": 0.3675675675675676,
  "adaptation_time": 84.0,
  "predictive_mae": 1524.0539860658675,
  "tracking_lag_seconds": null,
  "pattern_recognition": null,
  "proactive_adjustment": null,
  "confidence_interval": [
    0.6196357254511833,
    0.7533372475217897
  ]
}