{
  "model": "LSTM",
  "scenario": "gradual",
  "seed": 9,
  "p99_latency": 255.17893323544195,
  "success_rate": 0.5866666666666667,
  "stability_score": 0.32666666666666666,
  "adaptation_time": null,
  "predictive_mae": 1495.4828948179172,
  "tracking_lag_seconds": null,
  "pattern_recognition": null,
  "proactive_adjustment": null,
  "confidence_interval": [
    0.5078626447243597,
    0.6654706886089736
  ]
}