{
  "model": "LSTM",
  "scenario": "periodic",
  "seed": 7,
  "p99_latency": 235.75787816871255,
  "success_rate": 0.735,
  "stability_score": 0.45055555555555554,
  "adaptation_time": null,
  "predictive_mae": 768.8786196835025,
  "tracking_lag_seconds": null,
  "pattern_recognition": -0.9886676831723328,
  "proactive_adjustment": 0.0062795956991758385,
  "confidence_interval": [
    0.7146118206659853,
    0.7553881793340147
  ]
}