{
  "model": "LSTM",
  "scenario": "periodic",
  "seed": 0,
  "p99_latency": 235.75787816871255,
  "success_rate": 0.7183333333333334,
  "stability_score": 0.44722222222222224,
  "adaptation_time": null,
  "predictive_mae": 768.8786196835025,
  "tracking_lag_seconds": null,
  "pattern_recognition": -0.9886676831723328,
  "proactive_adjustment": 0.0062795956991758385,
  "confidence_interval": [
    0.6975534753328717,
    0.739113191333795
  ]
}