{
  "model": "LSTM",
  "scenario": "periodic",
  "seed": 3,
  "p99_latency": 235.75787816871255,
  "success_rate": 0.7361111111111112,
  "stability_score": 0.45,
  "adaptation_time": null,
  "predictive_mae": 768.8786196835025,
  "tracking_lag_seconds": null,
  "pattern_recognition": -0.9886676831723328,
  "proactive_adjustment": 0.0062795956991758385,
  "confidence_interval": [
    0.7157503467713732,
    0.7564718754508492
  ]
}