{
  "model": "LSTM",
  "scenario": "gradual",
  "seed": 3,
  "p99_latency": 255.17893323544195,
  "success_rate": 0.5933333333333334,
  "stability_score": 0.43333333333333335,
  "adaptation_time": null,
  "predictive_mae": 1495.4828948179172,
  "tracking_lag_seconds": null,
  "pattern_recognition": null,
  "proactive_adjustment": null,
  "confidence_interval": [
    0.5147245411805592,
    0.6719421254861075
  ]
}