{
  "model": "LSTM",
  "scenario": "gradual",
  "seed": 4,
  "p99_latency": 255.17893323544195,
  "success_rate": 0.6133333333333333,
  "stability_score": 0.2866666666666667,
  "adaptation_time": null,
  "predictive_mae": 1495.4828948179172,
  "tracking_lag_seconds": null,
  "pattern_recognition": null,
  "proactive_adjustment": null,
  "confidence_interval": [
    0.5354007427709118,
    0.6912659238957548
  ]
}