{
  "model": "LSTM",
  "scenario": "spike",
  "seed": 9,
  "p99_latency": 243.89741579427996,
  "success_rate": 0.6972972972972973,
  "stability_score": 0.3675675675675676,
  "adaptation_time": 84.0,
  "predictive_mae": 1524.0539860658675,
  "tracking_lag_seconds": null,
  "pattern_recognition": null,
  "proactive_adjustment": null,
  "confidence_interval": [
    0.6310940386009374,
    0.7635005559936572
  ]
}