{
  "model": "LSTM",
  "scenario": "periodic",
  "seed": 4,
  "p99_latency": 235.75787816871255,
  "success_rate": 0.7222222222222222,
  "stability_score": 0.45222222222222225,
  "adaptation_time": null,
  "predictive_mae": 768.8786196835025,
  "tracking_lag_seconds": null,
  "pattern_recognition": -0.9886676831723328,
  "proactive_adjustment": 0.0062795956991758385,
  "confidence_interval": [
    0.7015305299143337,
    0.7429139145301107
  ]
}