{
  "model": "LSTM",
  "scenario": "gradual",
  "seed": 5,
  "p99_latency": 255.17893323544195,
  "success_rate": 0.6466666666666666,
  "stability_score": 0.44,
  "adaptation_time": null,
  "predictive_mae": 1495.4828948179172,
  "tracking_lag_seconds": null,
  "pattern_recognition": null,
  "proactive_adjustment": null,
  "confidence_interval": [
    0.5701713222482938,
    0.7231620110850394
  ]
}