{
  "model": "LSTM",
  "scenario": "gradual",
  "seed": 8,
  "p99_latency": 255.17893323544195,
  "success_rate": 0.6733333333333333,
  "stability_score": 0.4533333333333333,
  "adaptation_time": null,
  "predictive_mae": 1495.4828948179172,
  "tracking_lag_seconds": null,
  "pattern_recognition": null,
  "proactive_adjustment": null,
  "confidence_interval": [
    0.598280009664999,
    0.7483866570016677
  ]
}