{
  "model": "LSTM",
  "scenario": "spike",
  "seed": 6,
  "p99_latency": 243.89741579427996,
  "success_rate": 0.7027027027027027,
  "stability_score": 0.3675675675675676,
  "adaptation_time": 89.0,
  "predictive_mae": 1524.0539860658675,
  "tracking_lag_seconds": null,
  "pattern_recognition": null,
  "proactive_adjustment": null,
  "confidence_interval": [
    0.6368393977584363,
    0.7685660076469691
  ]
}