{
  "model": "LSTM",
  "scenario": "spike",
  "seed": 0,
  "p99_latency": 243.89741579427996,
  "success_rate": 0.6810810810810811,
  "stability_score": 0.35135135135135137,
  "adaptation_time": 89.0,
  "predictive_mae": 1524.0539860658675,
  "tracking_lag_seconds": null,
  "pattern_recognition": null,
  "proactive_adjustment": null,
  "confidence_interval": [
    0.613922459027427,
    0.7482397031347352
  ]
}