{
  "model": "Static",
  "scenario": "spike",
  "seed": 4,
  "p99_latency": 243.89741579427996,
  "success_rate": 0.5837837837837838,
  "stability_score": 0.35135135135135137,
  "adaptation_time": 89.0,
  "predictive_mae": null,
  "tracking_lag_seconds": null,
  "pattern_recognition": null,
  "proactive_adjustment": null,
  "confidence_interval": [
    0.5127528148794751,
    0.6548147526880925
  ]
}