{
  "model": "Static",
  "scenario": "normal",
  "seed": 8,
  "p99_latency": 185.95760813494493,
  "success_rate": 0.6433333333333333,
  "stability_score": 0.0005555555555555556,
  "adaptation_time": null,
  "predictive_mae": null,
  "tracking_lag_seconds": null,
  "pattern_recognition": null,
  "proactive_adjustment": null,
  "confidence_interval": [
    0.62120436704922,
    0.6654622996174466
  ]
}