{
  "model": "Static",
  "scenario": "normal",
  "seed": 0,
  "p99_latency": 185.95760813494493,
  "success_rate": 0.6255555555555555,
  "stability_score": 0.0022222222222222222,
  "adaptation_time": null,
  "predictive_mae": null,
  "tracking_lag_seconds": null,
  "pattern_recognition": null,
  "proactive_adjustment": null,
  "confidence_interval": [
    0.6031972711163317,
    0.6479138399947794
  ]
}