{
  "model": "LinUCB",
  "scenario": "spike",
  "seed": 4,
  "p99_latency": 243.89741579427996,
  "success_rate": 0.5783783783783784,
  "stability_score": 0.35135135135135137,
  "adaptation_time": 89.0,
  "predictive_mae": null,
  "tracking_lag_seconds": 90.0,
  "pattern_recognition": null,
  "proactive_adjustment": null,
  "confidence_interval": [
    0.5072194025781901,
    0.6495373541785666
  ]
}