{
  "model": "LinUCB",
  "scenario": "normal",
  "seed": 3,
  "p99_latency": 185.95760813494493,
  "success_rate": 0.6111111111111112,
  "stability_score": 0.0011111111111111111,
  "adaptation_time": null,
  "predictive_mae": null,
  "tracking_lag_seconds": 1800.0,
  "pattern_recognition": null,
  "proactive_adjustment": null,
  "confidence_interval": [
    0.5885902653647798,
    0.6336319568574426
  ]
}