{
  "model": "LinUCB",
  "scenario": "gradual",
  "seed": 4,
  "p99_latency": 255.17893323544195,
  "success_rate": 0.41333333333333333,
  "stability_score": 0.24666666666666667,
  "adaptation_time": null,
  "predictive_mae": null,
  "tracking_lag_seconds": 116.0,
  "pattern_recognition": null,
  "proactive_adjustment": null,
  "confidence_interval": [
    0.3345293113910264,
    0.4921373552756403
  ]
}