{
  "model": "LinUCB",
  "scenario": "periodic",
  "seed": 0,
  "p99_latency": 235.75787816871255,
  "success_rate": 0.46111111111111114,
  "stability_score": 0.002777777777777778,
  "adaptation_time": null,
  "predictive_mae": null,
  "tracking_lag_seconds": 1800.0,
  "pattern_recognition": -0.9886676831723328,
  "proactive_adjustment": 0.0062795956991758385,
  "confidence_interval": [
    0.43808268554225105,
    0.4841395366799712
  ]
}