{
  "model": "LinUCB",
  "scenario": "gradual",
  "seed": 8,
  "p99_latency": 255.17893323544195,
  "success_rate": 0.47333333333333333,
  "stability_score": 0.31333333333333335,
  "adaptation_time": null,
  "predictive_mae": null,
  "tracking_lag_seconds": 116.0,
  "pattern_recognition": null,
  "proactive_adjustment": null,
  "confidence_interval": [
    0.3934320191546016,
    0.5532346475120651
  ]
}