{
  "model": "LSTM",
  "scenario": "spike",
  "seed": 0,
  "p99_latency": 243.89741579427996,
  "success_rate": 0.5783783783783784,
  "stability_score": 0.34594594594594597,
  "adaptation_time": 92.0,
  "predictive_mae": 1726.5185050397317,
  "tracking_lag_seconds": null,
  "pattern_recognition": null,
  "proactive_adjustment": null,
  "confidence_interval": [
    0.5072194025781901,
    0.6495373541785666
  ]
}