{
  "model": "LSTM",
  "scenario": "normal",
  "seed": 0,
  "p99_latency": 185.95760813494493,
  "success_rate": 0.5183333333333333,
  "stability_score": 0.034444444444444444,
  "adaptation_time": null,
  "predictive_mae": 443.2336881699411,
  "tracking_lag_seconds": null,
  "pattern_recognition": null,
  "proactive_adjustment": null,
  "confidence_interval": [
    0.49525046873904294,
    0.5414161979276237
  ]
}