{
  "model": "LSTM",
  "scenario": "gradual",
  "seed": 0,
  "p99_latency": 255.17893323544195,
  "success_rate": 0.4866666666666667,
  "stability_score": 0.36666666666666664,
  "adaptation_time": null,
  "predictive_mae": 2023.5055514070013,
  "tracking_lag_seconds": null,
  "pattern_recognition": null,
  "proactive_adjustment": null,
  "confidence_interval": [
    0.4066799269672655,
    0.5666534063660679
  ]
}