{
  "model": "LSTM",
  "scenario": "spike",
  "seed": 7,
  "p99_latency": 243.89741579427996,
  "success_rate": 0.5945945945945946,
  "stability_score": 0.34594594594594597,
  "adaptation_time": 96.0,
  "predictive_mae": 1726.5185050397317,
  "tracking_lag_seconds": null,
  "pattern_recognition": null,
  "proactive_adjustment": null,
  "confidence_interval": [
    0.5238460561086185,
    0.6653431330805708
  ]
}