{
  "model": "LSTM",
  "scenario": "normal",
  "seed": 8,
  "p99_latency": 185.95760813494493,
  "success_rate": 0.5394444444444444,
  "stability_score": 0.04,
  "adaptation_time": null,
  "predictive_mae": 443.2336881699411,
  "tracking_lag_seconds": null,
  "pattern_recognition": null,
  "proactive_adjustment": null,
  "confidence_interval": [
    0.5164180354885409,
    0.5624708534003479
  ]
}