{
  "model": "LSTM",
  "scenario": "periodic",
  "seed": 1,
  "p99_latency": 235.75787816871255,
  "success_rate": 0.3988888888888889,
  "stability_score": 0.04055555555555555,
  "adaptation_time": null,
  "predictive_mae": 1089.8610000936876,
  "tracking_lag_seconds": null,
  "pattern_recognition": -0.9886676831723328,
  "proactive_adjustment": 0.0062795956991758385,
  "confidence_interval": [
    0.37626771251574087,
    0.42151006526203694
  ]
}