{
  "model": "LSTM",
  "scenario": "spike",
  "seed": 5,
  "p99_latency": 243.89741579427996,
  "success_rate": 0.5837837837837838,
  "stability_score": 0.3567567567567568,
  "adaptation_time": 91.0,
  "predictive_mae": 1726.5185050397317,
  "tracking_lag_seconds": null,
  "pattern_recognition": null,
  "proactive_adjustment": null,
  "confidence_interval": [
    0.5127528148794751,
    0.6548147526880925
  ]
}