{
  "model": "LSTM",
  "scenario": "periodic",
  "seed": 3,
  "p99_latency": 235.75787816871255,
  "success_rate": 0.4172222222222222,
  "stability_score": 0.03944444444444444,
  "adaptation_time": null,
  "predictive_mae": 1089.8610000936876,
  "tracking_lag_seconds": null,
  "pattern_recognition": -0.9886676831723328,
  "proactive_adjustment": 0.0062795956991758385,
  "confidence_interval": [
    0.3944425722785199,
    0.4400018721659245
  ]
}