{
  "model": "LSTM",
  "scenario": "periodic",
  "seed": 0,
  "p99_latency": 235.75787816871255,
  "success_rate": 0.40444444444444444,
  "stability_score": 0.035,
  "adaptation_time": null,
  "predictive_mae": 1089.8610000936876,
  "tracking_lag_seconds": null,
  "pattern_recognition": -0.9886676831723328,
  "proactive_adjustment": 0.0062795956991758385,
  "confidence_interval": [
    0.38177178755997765,
    0.42711710132891123
  ]
}