{
  "model": "LSTM",
  "scenario": "normal",
  "seed": 3,
  "p99_latency": 185.95760813494493,
  "success_rate": 0.5272222222222223,
  "stability_score": 0.03722222222222222,
  "adaptation_time": null,
  "predictive_mae": 443.2336881699411,
  "tracking_lag_seconds": null,
  "pattern_recognition": null,
  "proactive_adjustment": null,
  "confidence_interval": [
    0.5041580846623446,
    0.5502863597820999
  ]
}