{
  "model": "LSTM",
  "scenario": "periodic",
  "seed": 8,
  "p99_latency": 235.75787816871255,
  "success_rate": 0.4,
  "stability_score": 0.05,
  "adaptation_time": null,
  "predictive_mae": 1089.8610000936876,
  "tracking_lag_seconds": null,
  "pattern_recognition": -0.9886676831723328,
  "proactive_adjustment": 0.0062795956991758385,
  "confidence_interval": [
    0.3773682853184766,
    0.42263171468152344
  ]
}