{
  "model": "LSTM",
  "scenario": "normal",
  "seed": 5,
  "p99_latency": 185.95760813494493,
  "success_rate": 0.5461111111111111,
  "stability_score": 0.03722222222222222,
  "adaptation_time": null,
  "predictive_mae": 443.2336881699411,
  "tracking_lag_seconds": null,
  "pattern_recognition": null,
  "proactive_adjustment": null,
  "confidence_interval": [
    0.5231111490019901,
    0.5691110732202321
  ]
}