{
  "model": "LSTM",
  "scenario": "gradual",
  "seed": 2,
  "p99_latency": 255.17893323544195,
  "success_rate": 0.52,
  "stability_score": 0.4066666666666667,
  "adaptation_time": null,
  "predictive_mae": 2023.5055514070013,
  "tracking_lag_seconds": null,
  "pattern_recognition": null,
  "proactive_adjustment": null,
  "confidence_interval": [
    0.4400488431751296,
    0.5999511568248704
  ]
}