{
  "model": "LSTM",
  "scenario": "normal",
  "seed": 2,
  "p99_latency": 185.95760813494493,
  "success_rate": 0.5233333333333333,
  "stability_score": 0.03777777777777778,
  "adaptation_time": null,
  "predictive_mae": 443.2336881699411,
  "tracking_lag_seconds": null,
  "pattern_recognition": null,
  "proactive_adjustment": null,
  "confidence_interval": [
    0.5002601015573356,
    0.546406565109331
  ]
}