{
  "model": "LSTM",
  "scenario": "normal",
  "seed": 1,
  "p99_latency": 185.95760813494493,
  "success_rate": 0.5333333333333333,
  "stability_score": 0.035555555555555556,
  "adaptation_time": null,
  "predictive_mae": 443.2336881699411,
  "tracking_lag_seconds": null,
  "pattern_recognition": null,
  "proactive_adjustment": null,
  "confidence_interval": [
    0.5102863231922834,
    0.5563803434743833
  ]
}