{
  "model": "LSTM",
  "scenario": "spike",
  "seed": 4,
  "p99_latency": 243.89741579427996,
  "success_rate": 0.572972972972973,
  "stability_score": 0.35135135135135137,
  "adaptation_time": 90.0,
  "predictive_mae": 1726.5185050397317,
  "tracking_lag_seconds": null,
  "pattern_recognition": null,
  "proactive_adjustment": null,
  "confidence_interval": [
    0.5016947314765979,
    0.6442512144693481
  ]
}