{
  "model": "LSTM",
  "scenario": "gradual",
  "seed": 7,
  "p99_latency": 255.17893323544195,
  "success_rate": 0.5133333333333333,
  "stability_score": 0.42,
  "adaptation_time": null,
  "predictive_mae": 2023.5055514070013,
  "tracking_lag_seconds": null,
  "pattern_recognition": null,
  "proactive_adjustment": null,
  "confidence_interval": [
    0.43334659363393213,
    0.5933200730327345
  ]
}