{
  "model": "Static",
  "scenario": "periodic",
  "seed": 7,
  "p99_latency": 235.75787816871255,
  "success_rate": 0.49722222222222223,
  "stability_score": 0.0005555555555555556,
  "adaptation_time": null,
  "predictive_mae": null,
  "tracking_lag_seconds": null,
  "pattern_recognition": -0.9886676831723328,
  "proactive_adjustment": 0.0062795956991758385,
  "confidence_interval": [
    0.47412418160922304,
    0.5203202628352215
  ]
}