{
  "model": "Static",
  "scenario": "spike",
  "seed": 7,
  "p99_latency": 243.89741579427996,
  "success_rate": 0.6108108108108108,
  "stability_score": 0.34594594594594597,
  "adaptation_time": 89.0,
  "predictive_mae": null,
  "tracking_lag_seconds": null,
  "pattern_recognition": null,
  "proactive_adjustment": null,
  "confidence_interval": [
    0.540552780787166,
    0.6810688408344556
  ]
}