{
  "model": "Static",
  "scenario": "spike",
  "seed": 0,
  "p99_latency": 243.89741579427996,
  "success_rate": 0.6054054054054054,
  "stability_score": 0.3621621621621622,
  "adaptation_time": 91.0,
  "predictive_mae": null,
  "tracking_lag_seconds": null,
  "pattern_recognition": null,
  "proactive_adjustment": null,
  "confidence_interval": [
    0.534974878117404,
    0.6758359326934069
  ]
}