{
  "model": "Static",
  "scenario": "gradual",
  "seed": 1,
  "p99_latency": 255.17893323544195,
  "success_rate": 0.4666666666666667,
  "stability_score": 0.25333333333333335,
  "adaptation_time": null,
  "predictive_mae": null,
  "tracking_lag_seconds": null,
  "pattern_recognition": null,
  "proactive_adjustment": null,
  "confidence_interval": [
    0.3868294816129595,
    0.5465038517203739
  ]
}