{
  "model": "LinUCB",
  "scenario": "spike",
  "seed": 1,
  "p99_latency": 243.89741579427996,
  "success_rate": 0.7621621621621621,
  "stability_score": 0.3783783783783784,
  "adaptation_time": 81.0,
  "predictive_mae": null,
  "tracking_lag_seconds": 80.0,
  "pattern_recognition": null,
  "proactive_adjustment": null,
  "confidence_interval": [
    0.7008104915669612,
    0.8235138327573631
  ]
}