{
  "model": "LinUCB",
  "scenario": "normal",
  "seed": 1,
  "p99_latency": 185.95760813494493,
  "success_rate": 0.7311111111111112,
  "stability_score": 0.0005555555555555556,
  "adaptation_time": null,
  "predictive_mae": null,
  "tracking_lag_seconds": 1800.0,
  "pattern_recognition": null,
  "proactive_adjustment": null,
  "confidence_interval": [
    0.7106282811914643,
    0.751593941030758
  ]
}