{
  "model": "LSTM",
  "scenario": "normal",
  "seed": 0,
  "p99_latency": 185.95760813494493,
  "success_rate": 0.034444444444444444,
  "stability_score": 0.034444444444444444,
  "adaptation_time": null,
  "predictive_mae": 823.8767349944895,
  "tracking_lag_seconds": null,
  "pattern_recognition": null,
  "proactive_adjustment": null,
  "confidence_interval": [
    0.026019635435416397,
    0.04286925345347249
  ]
}