{
  "model": "LSTM",
  "scenario": "normal",
  "seed": 1,
  "p99_latency": 185.95760813494493,
  "success_rate": 0.03333333333333333,
  "stability_score": 0.034444444444444444,
  "adaptation_time": null,
  "predictive_mae": 823.8767349944895,
  "tracking_lag_seconds": null,
  "pattern_recognition": null,
  "proactive_adjustment": null,
  "confidence_interval": [
    0.025040754998932217,
    0.04162591166773445
  ]
}