{
  "model": "LSTM",
  "scenario": "periodic",
  "seed": 1,
  "p99_latency": 235.75787816871255,
  "success_rate": 0.03388888888888889,
  "stability_score": 0.034444444444444444,
  "adaptation_time": null,
  "predictive_mae": 1471.3033132968005,
  "tracking_lag_seconds": null,
  "pattern_recognition": -0.9886676831723328,
  "proactive_adjustment": 0.0062795956991758385,
  "confidence_interval": [
    0.025529894342788018,
    0.042247883434989766
  ]
}