{
  "model": "LSTM",
  "scenario": "spike",
  "seed": 0,
  "p99_latency": 243.89741579427996,
  "success_rate": 0.32432432432432434,
  "stability_score": 0.34054054054054056,
  "adaptation_time": null,
  "predictive_mae": 2098.1634139040552,
  "tracking_lag_seconds": null,
  "pattern_recognition": null,
  "proactive_adjustment": null,
  "confidence_interval": [
    0.25686823963414407,
    0.3917804090145046
  ]
}