{
  "model": "LSTM",
  "scenario": "gradual",
  "seed": 0,
  "p99_latency": 255.17893323544195,
  "success_rate": 0.37333333333333335,
  "stability_score": 0.36,
  "adaptation_time": null,
  "predictive_mae": 2407.370177166921,
  "tracking_lag_seconds": null,
  "pattern_recognition": null,
  "proactive_adjustment": null,
  "confidence_interval": [
    0.29592831056179814,
    0.45073835610486856
  ]
}