{
  "model": "Static",
  "scenario": "periodic",
  "seed": 0,
  "p99_latency": 235.75787816871255,
  "success_rate": 0.0016666666666666668,
  "stability_score": 0.0,
  "adaptation_time": null,
  "predictive_mae": null,
  "tracking_lag_seconds": null,
  "pattern_recognition": -0.9886676831723328,
  "proactive_adjustment": 0.0062795956991758385,
  "confidence_interval": [
    0.0,
    0.0035510705878749344
  ]
}