{
  "model": "LinUCB",
  "scenario": "spike",
  "seed": 7,
  "p99_latency": 243.89741579427996,
  "success_rate": 0.6054054054054054,
  "stability_score": 0.34594594594594597,
  "adaptation_time": 89.0,
  "predictive_mae": null,
  "tracking_lag_seconds": 90.0,
  "pattern_recognition": null,
  "proactive_adjustment": null,
  "confidence_interval": [
    0.534974878117404,
    0.6758359326934069
  ]
}