{
  "model": "LinUCB",
  "scenario": "periodic",
  "seed": 9,
  "p99_latency": 235.75787816871255,
  "success_rate": 0.47555555555555556,
  "stability_score": 0.0,
  "adaptation_time": null,
  "predictive_mae": null,
  "tracking_lag_seconds": 1800.0,
  "pattern_recognition": -0.9886676831723328,
  "proactive_adjustment": 0.0062795956991758385,
  "confidence_interval": [
    0.4524847790073788,
    0.4986263321037323
  ]
}