{
  "model": "LinUCB",
  "scenario": "gradual",
  "seed": 0,
  "p99_latency": 255.17893323544195,
  "success_rate": 0.44666666666666666,
  "stability_score": 0.2866666666666667,
  "adaptation_time": null,
  "predictive_mae": null,
  "tracking_lag_seconds": 116.0,
  "pattern_recognition": null,
  "proactive_adjustment": null,
  "confidence_interval": [
    0.36710797181511085,
    0.5262253615182224
  ]
}