{
  "model": "LSTM",
  "scenario": "normal",
  "seed": 5,
  "p99_latency": 185.95760813494493,
  "success_rate": 0.5938888888888889,
  "stability_score": 0.03722222222222222,
  "adaptation_time": null,
  "predictive_mae": 407.95677831325446,
  "tracking_lag_seconds": null,
  "pattern_recognition": null,
  "proactive_adjustment": null,
  "confidence_interval": [
    0.5712013767656606,
    0.6165764010121172
  ]
}