{
  "model": "LSTM",
  "scenario": "normal",
  "seed": 6,
  "p99_latency": 185.95760813494493,
  "success_rate": 0.5561111111111111,
  "stability_score": 0.035555555555555556,
  "adaptation_time": null,
  "predictive_mae": 407.95677831325446,
  "tracking_lag_seconds": null,
  "pattern_recognition": null,
  "proactive_adjustment": null,
  "confidence_interval": [
    0.533158623493988,
    0.5790635987282342
  ]
}