{
  "model": "LSTM",
  "scenario": "normal",
  "seed": 2,
  "p99_latency": 185.95760813494493,
  "success_rate": 0.5683333333333334,
  "stability_score": 0.03777777777777778,
  "adaptation_time": null,
  "predictive_mae": 407.95677831325446,
  "tracking_lag_seconds": null,
  "pattern_recognition": null,
  "proactive_adjustment": null,
  "confidence_interval": [
    0.5454516664041484,
    0.5912150002625183
  ]
}