{
  "model": "LSTM",
  "scenario": "periodic",
  "seed": 8,
  "p99_latency": 235.75787816871255,
  "success_rate": 0.4411111111111111,
  "stability_score": 0.050555555555555555,
  "adaptation_time": null,
  "predictive_mae": 1056.258531888093,
  "tracking_lag_seconds": null,
  "pattern_recognition": -0.9886676831723328,
  "proactive_adjustment": 0.0062795956991758385,
  "confidence_interval": [
    0.41817347942348787,
    0.46404874279873437
  ]
}