{
  "model": "LSTM",
  "scenario": "normal",
  "seed": 8,
  "p99_latency": 185.95760813494493,
  "success_rate": 0.5922222222222222,
  "stability_score": 0.045,
  "adaptation_time": null,
  "predictive_mae": 407.95677831325446,
  "tracking_lag_seconds": null,
  "pattern_recognition": null,
  "proactive_adjustment": null,
  "confidence_interval": [
    0.569520125708285,
    0.6149243187361594
  ]
}