{
  "model": "LSTM",
  "scenario": "periodic",
  "seed": 1,
  "p99_latency": 235.75787816871255,
  "success_rate": 0.43166666666666664,
  "stability_score": 0.04055555555555555,
  "adaptation_time": null,
  "predictive_mae": 1056.258531888093,
  "tracking_lag_seconds": null,
  "pattern_recognition": -0.9886676831723328,
  "proactive_adjustment": 0.0062795956991758385,
  "confidence_interval": [
    0.4087849997374817,
    0.45454833359585156
  ]
}