{
  "model": "LSTM",
  "scenario": "gradual",
  "seed": 6,
  "p99_latency": 255.17893323544195,
  "success_rate": 0.47333333333333333,
  "stability_score": 0.4,
  "adaptation_time": null,
  "predictive_mae": 1993.896062813794,
  "tracking_lag_seconds": null,
  "pattern_recognition": null,
  "proactive_adjustment": null,
  "confidence_interval": [
    0.3934320191546016,
    0.5532346475120651
  ]
}