{
  "model": "LSTM",
  "scenario": "gradual",
  "seed": 8,
  "p99_latency": 255.17893323544195,
  "success_rate": 0.5066666666666667,
  "stability_score": 0.43333333333333335,
  "adaptation_time": null,
  "predictive_mae": 1993.896062813794,
  "tracking_lag_seconds": null,
  "pattern_recognition": null,
  "proactive_adjustment": null,
  "confidence_interval": [
    0.4266585848386251,
    0.5866747484947082
  ]
}