{
  "model": "LSTM",
  "scenario": "periodic",
  "seed": 6,
  "p99_latency": 235.75787816871255,
  "success_rate": 0.43,
  "stability_score": 0.035555555555555556,
  "adaptation_time": null,
  "predictive_mae": 1056.258531888093,
  "tracking_lag_seconds": null,
  "pattern_recognition": -0.9886676831723328,
  "proactive_adjustment": 0.0062795956991758385,
  "confidence_interval": [
    0.4071290874088684,
    0.4528709125911316
  ]
}