{
  "model": "LSTM",
  "scenario": "gradual",
  "seed": 2,
  "p99_latency": 255.17893323544195,
  "success_rate": 0.5266666666666666,
  "stability_score": 0.4066666666666667,
  "adaptation_time": null,
  "predictive_mae": 1993.896062813794,
  "tracking_lag_seconds": null,
  "pattern_recognition": null,
  "proactive_adjustment": null,
  "confidence_interval": [
    0.44676535248793486,
    0.6065679808453983
  ]
}