{
  "model": "LSTM",
  "scenario": "periodic",
  "seed": 2,
  "p99_latency": 235.75787816871255,
  "success_rate": 0.4444444444444444,
  "stability_score": 0.041666666666666664,
  "adaptation_time": null,
  "predictive_mae": 1056.258531888093,
  "tracking_lag_seconds": null,
  "pattern_recognition": -0.9886676831723328,
  "proactive_adjustment": 0.0062795956991758385,
  "confidence_interval": [
    0.4214890728776088,
    0.46739981601128006
  ]
}