{
  "model": "LSTM",
  "scenario": "gradual",
  "seed": 0,
  "p99_latency": 255.17893323544195,
  "success_rate": 0.5,
  "stability_score": 0.36666666666666664,
  "adaptation_time": null,
  "predictive_mae": 1993.896062813794,
  "tracking_lag_seconds": null,
  "pattern_recognition": null,
  "proactive_adjustment": null,
  "confidence_interval": [
    0.4199848053940782,
    0.5800151946059219
  ]
}