{
  "model": "LSTM",
  "scenario": "normal",
  "seed": 4,
  "p99_latency": 185.95760813494493,
  "success_rate": 0.5638888888888889,
  "stability_score": 0.03666666666666667,
  "adaptation_time": null,
  "predictive_mae": 407.95677831325446,
  "tracking_lag_seconds": null,
  "pattern_recognition": null,
  "proactive_adjustment": null,
  "confidence_interval": [
    0.5409798334679963,
    0.5867979443097815
  ]
}