{
  "model": "LSTM",
  "scenario": "spike",
  "seed": 5,
  "p99_latency": 243.89741579427996,
  "success_rate": 0.6,
  "stability_score": 0.3621621621621622,
  "adaptation_time": 90.0,
  "predictive_mae": 1703.2189544635519,
  "tracking_lag_seconds": null,
  "pattern_recognition": null,
  "proactive_adjustment": null,
  "confidence_interval": [
    0.5294059907232536,
    0.6705940092767464
  ]
}