{
  "model": "LSTM",
  "scenario": "spike",
  "seed": 2,
  "p99_latency": 243.89741579427996,
  "success_rate": 0.6108108108108108,
  "stability_score": 0.3567567567567568,
  "adaptation_time": 87.0,
  "predictive_mae": 1703.2189544635519,
  "tracking_lag_seconds": null,
  "pattern_recognition": null,
  "proactive_adjustment": null,
  "confidence_interval": [
    0.540552780787166,
    0.6810688408344556
  ]
}