{
  "model": "LSTM",
  "scenario": "gradual",
  "seed": 3,
  "p99_latency": 255.17893323544195,
  "success_rate": 0.49333333333333335,
  "stability_score": 0.41333333333333333,
  "adaptation_time": null,
  "predictive_mae": 1993.896062813794,
  "tracking_lag_seconds": null,
  "pattern_recognition": null,
  "proactive_adjustment": null,
  "confidence_interval": [
    0.41332525150529176,
    0.5733414151613749
  ]
}