{
  "model": "LSTM",
  "scenario": "gradual",
  "seed": 4,
  "p99_latency": 255.17893323544195,
  "success_rate": 0.46,
  "stability_score": 0.2866666666666667,
  "adaptation_time": null,
  "predictive_mae": 1993.896062813794,
  "tracking_lag_seconds": null,
  "pattern_recognition": null,
  "proactive_adjustment": null,
  "confidence_interval": [
    0.3802412650108499,
    0.5397587349891501
  ]
}