{
  "model": "LSTM",
  "scenario": "periodic",
  "seed": 3,
  "p99_latency": 235.75787816871255,
  "success_rate": 0.45444444444444443,
  "stability_score": 0.04111111111111111,
  "adaptation_time": null,
  "predictive_mae": 1056.258531888093,
  "tracking_lag_seconds": null,
  "pattern_recognition": -0.9886676831723328,
  "proactive_adjustment": 0.0062795956991758385,
  "confidence_interval": [
    0.43144211977345676,
    0.4774467691154321
  ]
}