{
  "model": "LSTM",
  "scenario": "normal",
  "seed": 1,
  "p99_latency": 185.95760813494493,
  "success_rate": 0.5755555555555556,
  "stability_score": 0.04055555555555555,
  "adaptation_time": null,
  "predictive_mae": 407.95677831325446,
  "tracking_lag_seconds": null,
  "pattern_recognition": null,
  "proactive_adjustment": null,
  "confidence_interval": [
    0.5527224023676617,
    0.5983887087434495
  ]
}