{
  "model": "LSTM",
  "scenario": "normal",
  "seed": 7,
  "p99_latency": 185.95760813494493,
  "success_rate": 0.5861111111111111,
  "stability_score": 0.03833333333333333,
  "adaptation_time": null,
  "predictive_mae": 407.95677831325446,
  "tracking_lag_seconds": null,
  "pattern_recognition": null,
  "proactive_adjustment": null,
  "confidence_interval": [
    0.5633578474408898,
    0.6088643747813325
  ]
}