{
  "model": "Static",
  "scenario": "periodic",
  "seed": 6,
  "p99_latency": 235.75787816871255,
  "success_rate": 0.47833333333333333,
  "stability_score": 0.0022222222222222222,
  "adaptation_time": null,
  "predictive_mae": null,
  "tracking_lag_seconds": null,
  "pattern_recognition": -0.9886676831723328,
  "proactive_adjustment": 0.0062795956991758385,
  "confidence_interval": [
    0.45525663327953214,
    0.5014100333871345
  ]
}