{
  "model": "Static",
  "scenario": "gradual",
  "seed": 0,
  "p99_latency": 255.17893323544195,
  "success_rate": 0.4533333333333333,
  "stability_score": 0.2866666666666667,
  "adaptation_time": null,
  "predictive_mae": null,
  "tracking_lag_seconds": null,
  "pattern_recognition": null,
  "proactive_adjustment": null,
  "confidence_interval": [
    0.3736674116553839,
    0.5329992550112828
  ]
}