{
  "model": "Static",
  "scenario": "normal",
  "seed": 3,
  "p99_latency": 185.95760813494493,
  "success_rate": 0.6366666666666667,
  "stability_score": 0.0011111111111111111,
  "adaptation_time": null,
  "predictive_mae": null,
  "tracking_lag_seconds": null,
  "pattern_recognition": null,
  "proactive_adjustment": null,
  "confidence_interval": [
    0.6144478709324975,
    0.6588854624008359
  ]
}