{
  "burst_multiplier": 3.240000,
  "segment_start": 0.000000,
  "duration_seconds": 211.000000,
  "peak_rps": 761.290973
}
