{
  "duration_seconds": 360.000000,
  "max_failure_rate": 0.778000,
  "mean_failure_rate": 0.202000
}
