{
  "duration_seconds": 90.000000,
  "slope_per_second": 10.240029,
  "r_squared": 0.950000
}
