{
  "cv": 0.535126,
  "duration_seconds": 498.000000,
  "rps_min": 129.991516,
  "rps_max": 909.808794
}
